<application>
  <component name="CodeInsightSettings">
    <option name="PARAMETER_INFO_DELAY" value="100" />
    <option name="AUTO_POPUP_JAVADOC_INFO" value="true" />
    <option name="JAVADOC_INFO_DELAY" value="500" />
    <option name="COMPLETION_CASE_SENSITIVE" value="2" />
    <option name="SHOW_FULL_SIGNATURES_IN_PARAMETER_INFO" value="true" />
    <option name="REFORMAT_ON_PASTE" value="1" />
    <option name="INDENT_TO_CARET_ON_PASTE" value="true" />
    <option name="ADD_IMPORTS_ON_PASTE" value="1" />
    <option name="HIGHLIGHT_SCOPE" value="true" />
    <option name="OPTIMIZE_IMPORTS_ON_THE_FLY" value="true" />
    <option name="ADD_UNAMBIGIOUS_IMPORTS_ON_THE_FLY" value="true" />
  </component>
  <component name="DaemonCodeAnalyzerSettings">
    <option name="ERROR_STRIPE_MARK_MIN_HEIGHT" value="3" />
    <option name="SHOW_METHOD_SEPARATORS" value="true" />
  </component>
  <component name="JavaCodeFoldingSettings">
    <option name="collapseAccessors" value="true" />
    <option name="inlineParameterNamesForLiteralCallArguments" value="true" />
    <option name="COLLAPSE_ACCESSORS" value="true" />
    <option name="INLINE_PARAMETER_NAMES_FOR_LITERAL_CALL_ARGUMENTS" value="true" />
  </component>
</application>