<application>
  <component name="DefaultFont">
    <option name="FONT_SIZE" value="18" />
    <option name="FONT_FAMILY" value="Consolas" />
  </component>
  <component name="EditorSettings">
    <option name="USE_SOFT_WRAPS" value="CONSOLE" />
    <option name="IS_CARET_INSIDE_TABS" value="true" />
    <option name="IS_ENSURE_NEWLINE_AT_EOF" value="true" />
    <option name="QUICK_DOC_ON_MOUSE_OVER_DELAY_MS" value="1000" />
    <option name="IS_RIGHT_MARGIN_SHOWN" value="false" />
    <option name="SHOW_BREADCRUMBS" value="false" />
    <option name="IS_WHITESPACES_SHOWN" value="true" />
    <option name="IS_INNER_WHITESPACES_SHOWN" value="false" />
    <option name="SHOW_NOTIFICATION_AFTER_REFORMAT_CODE_ACTION" value="false" />
  </component>
  <component name="TodoConfiguration">
    <pattern icon="question" pattern="\btodo\b.*" />
    <pattern icon="important" pattern="\bfixme\b.*" />
    <pattern case-sensitive="true" pattern="\bNOTICE: \b.*" />
    <pattern icon="important" useCustomColors="true" case-sensitive="true" pattern="\bTEST\b.*">
      <option name="FOREGROUND" value="a8c023" />
      <option name="BACKGROUND" value="0" />
      <option name="FONT_TYPE" value="3" />
      <option name="ERROR_STRIPE_COLOR" value="977ab" />
    </pattern>
    <filter name="TEST">
      <pattern index="3" />
    </filter>
    <filter name="FIX ME">
      <pattern index="1" />
    </filter>
    <filter name="TODO">
      <pattern index="0" />
    </filter>
  </component>
</application>