<application>
  <component name="ProjectJdkTable">
    <jdk version="2">
      <name value="1.8" />
      <type value="JavaSDK" />
      <version value="java version &quot;1.8.0_112-release&quot;" />
      <homePath value="$APPLICATION_HOME_DIR$/jre" />
      <roots>
        <classPath>
          <root type="composite">
            <root url="jar://$APPLICATION_HOME_DIR$/jre/jre/lib/charsets.jar!/" type="simple" />
            <root url="jar://$APPLICATION_HOME_DIR$/jre/jre/lib/ext/access-bridge-64.jar!/" type="simple" />
            <root url="jar://$APPLICATION_HOME_DIR$/jre/jre/lib/ext/cldrdata.jar!/" type="simple" />
            <root url="jar://$APPLICATION_HOME_DIR$/jre/jre/lib/ext/dnsns.jar!/" type="simple" />
            <root url="jar://$APPLICATION_HOME_DIR$/jre/jre/lib/ext/jaccess.jar!/" type="simple" />
            <root url="jar://$APPLICATION_HOME_DIR$/jre/jre/lib/ext/localedata.jar!/" type="simple" />
            <root url="jar://$APPLICATION_HOME_DIR$/jre/jre/lib/ext/nashorn.jar!/" type="simple" />
            <root url="jar://$APPLICATION_HOME_DIR$/jre/jre/lib/ext/sunec.jar!/" type="simple" />
            <root url="jar://$APPLICATION_HOME_DIR$/jre/jre/lib/ext/sunjce_provider.jar!/" type="simple" />
            <root url="jar://$APPLICATION_HOME_DIR$/jre/jre/lib/ext/sunmscapi.jar!/" type="simple" />
            <root url="jar://$APPLICATION_HOME_DIR$/jre/jre/lib/ext/sunpkcs11.jar!/" type="simple" />
            <root url="jar://$APPLICATION_HOME_DIR$/jre/jre/lib/ext/zipfs.jar!/" type="simple" />
            <root url="jar://$APPLICATION_HOME_DIR$/jre/jre/lib/jce.jar!/" type="simple" />
            <root url="jar://$APPLICATION_HOME_DIR$/jre/jre/lib/jsse.jar!/" type="simple" />
            <root url="jar://$APPLICATION_HOME_DIR$/jre/jre/lib/management-agent.jar!/" type="simple" />
            <root url="jar://$APPLICATION_HOME_DIR$/jre/jre/lib/resources.jar!/" type="simple" />
            <root url="jar://$APPLICATION_HOME_DIR$/jre/jre/lib/rt.jar!/" type="simple" />
          </root>
        </classPath>
        <sourcePath>
          <root type="composite" />
        </sourcePath>
      </roots>
      <additional />
    </jdk>
    <jdk version="2">
      <name value="1.8 (1)" />
      <type value="JavaSDK" />
      <version value="java version &quot;1.8.0_112-release&quot;" />
      <homePath value="$APPLICATION_HOME_DIR$/jre" />
      <roots>
        <classPath>
          <root type="composite">
            <root url="jar://$APPLICATION_HOME_DIR$/jre/jre/lib/charsets.jar!/" type="simple" />
            <root url="jar://$APPLICATION_HOME_DIR$/jre/jre/lib/ext/access-bridge-64.jar!/" type="simple" />
            <root url="jar://$APPLICATION_HOME_DIR$/jre/jre/lib/ext/cldrdata.jar!/" type="simple" />
            <root url="jar://$APPLICATION_HOME_DIR$/jre/jre/lib/ext/dnsns.jar!/" type="simple" />
            <root url="jar://$APPLICATION_HOME_DIR$/jre/jre/lib/ext/jaccess.jar!/" type="simple" />
            <root url="jar://$APPLICATION_HOME_DIR$/jre/jre/lib/ext/localedata.jar!/" type="simple" />
            <root url="jar://$APPLICATION_HOME_DIR$/jre/jre/lib/ext/nashorn.jar!/" type="simple" />
            <root url="jar://$APPLICATION_HOME_DIR$/jre/jre/lib/ext/sunec.jar!/" type="simple" />
            <root url="jar://$APPLICATION_HOME_DIR$/jre/jre/lib/ext/sunjce_provider.jar!/" type="simple" />
            <root url="jar://$APPLICATION_HOME_DIR$/jre/jre/lib/ext/sunmscapi.jar!/" type="simple" />
            <root url="jar://$APPLICATION_HOME_DIR$/jre/jre/lib/ext/sunpkcs11.jar!/" type="simple" />
            <root url="jar://$APPLICATION_HOME_DIR$/jre/jre/lib/ext/zipfs.jar!/" type="simple" />
            <root url="jar://$APPLICATION_HOME_DIR$/jre/jre/lib/jce.jar!/" type="simple" />
            <root url="jar://$APPLICATION_HOME_DIR$/jre/jre/lib/jsse.jar!/" type="simple" />
            <root url="jar://$APPLICATION_HOME_DIR$/jre/jre/lib/management-agent.jar!/" type="simple" />
            <root url="jar://$APPLICATION_HOME_DIR$/jre/jre/lib/resources.jar!/" type="simple" />
            <root url="jar://$APPLICATION_HOME_DIR$/jre/jre/lib/rt.jar!/" type="simple" />
          </root>
        </classPath>
        <sourcePath>
          <root type="composite" />
        </sourcePath>
      </roots>
      <additional />
    </jdk>
    <jdk version="2">
      <name value="Android API 25 Platform" />
      <type value="Android SDK" />
      <version value="java version &quot;1.8.0_112-release&quot;" />
      <homePath value="C:\Users\10733\AppData\Local\Android\Sdk" />
      <roots>
        <classPath>
          <root type="composite">
            <root url="jar://$USER_HOME$/AppData/Local/Android/sdk/platforms/android-25/android.jar!/" type="simple" />
            <root url="file://$USER_HOME$/AppData/Local/Android/sdk/platforms/android-25/data/res" type="simple" />
          </root>
        </classPath>
        <sourcePath>
          <root type="composite">
            <root url="file://$USER_HOME$/AppData/Local/Android/sdk/sources/android-25" type="simple" />
          </root>
        </sourcePath>
      </roots>
      <additional />
    </jdk>
    <jdk version="2">
      <name value="Android API 26 Platform" />
      <type value="Android SDK" />
      <homePath value="C:\Users\10733\AppData\Local\Android\Sdk" />
      <roots>
        <classPath>
          <root type="composite">
            <root url="jar://$USER_HOME$/AppData/Local/Android/sdk/platforms/android-26/android.jar!/" type="simple" />
            <root url="file://$USER_HOME$/AppData/Local/Android/sdk/platforms/android-26/data/res" type="simple" />
          </root>
        </classPath>
        <sourcePath>
          <root type="composite" />
        </sourcePath>
      </roots>
      <additional />
    </jdk>
    <jdk version="2">
      <name value="Android API 19 Platform" />
      <type value="Android SDK" />
      <homePath value="C:\Users\10733\AppData\Local\Android\Sdk" />
      <roots>
        <classPath>
          <root type="composite">
            <root url="jar://$USER_HOME$/AppData/Local/Android/sdk/platforms/android-19/android.jar!/" type="simple" />
            <root url="file://$USER_HOME$/AppData/Local/Android/sdk/platforms/android-19/data/res" type="simple" />
          </root>
        </classPath>
        <sourcePath>
          <root type="composite" />
        </sourcePath>
      </roots>
      <additional />
    </jdk>
    <jdk version="2">
      <name value="Android API 23 Platform" />
      <type value="Android SDK" />
      <homePath value="C:\Users\10733\AppData\Local\Android\Sdk" />
      <roots>
        <classPath>
          <root type="composite">
            <root url="jar://$USER_HOME$/AppData/Local/Android/sdk/platforms/android-23/android.jar!/" type="simple" />
            <root url="file://$USER_HOME$/AppData/Local/Android/sdk/platforms/android-23/data/res" type="simple" />
          </root>
        </classPath>
        <sourcePath>
          <root type="composite" />
        </sourcePath>
      </roots>
      <additional />
    </jdk>
    <jdk version="2">
      <name value="Android API 21 Platform" />
      <type value="Android SDK" />
      <version value="java version &quot;1.8.0_112-release&quot;" />
      <homePath value="C:\Users\10733\AppData\Local\Android\Sdk" />
      <roots>
        <classPath>
          <root type="composite">
            <root url="jar://$USER_HOME$/AppData/Local/Android/sdk/platforms/android-21/android.jar!/" type="simple" />
            <root url="file://$USER_HOME$/AppData/Local/Android/sdk/platforms/android-21/data/res" type="simple" />
          </root>
        </classPath>
        <sourcePath>
          <root type="composite" />
        </sourcePath>
      </roots>
      <additional />
    </jdk>
    <jdk version="2">
      <name value="Android API 24 Platform" />
      <type value="Android SDK" />
      <homePath value="C:\Users\10733\AppData\Local\Android\Sdk" />
      <roots>
        <classPath>
          <root type="composite">
            <root url="jar://$USER_HOME$/AppData/Local/Android/sdk/platforms/android-24/android.jar!/" type="simple" />
            <root url="file://$USER_HOME$/AppData/Local/Android/sdk/platforms/android-24/data/res" type="simple" />
          </root>
        </classPath>
        <sourcePath>
          <root type="composite" />
        </sourcePath>
      </roots>
      <additional />
    </jdk>
    <jdk version="2">
      <name value="Python 3.5" />
      <type value="Python SDK" />
      <version value="Python 3.5.2" />
      <homePath value="C:\Users\Administrator\AppData\Local\Programs\Python\Python35\python.exe" />
      <roots>
        <classPath>
          <root type="composite">
            <root url="file://$USER_HOME$/AppData/Local/Programs/Python/Python35/DLLs" type="simple" />
            <root url="file://$USER_HOME$/AppData/Local/Programs/Python/Python35/Lib" type="simple" />
            <root url="file://$USER_HOME$/AppData/Local/Programs/Python/Python35" type="simple" />
            <root url="file://$USER_HOME$/AppData/Local/Programs/Python/Python35/Lib/site-packages" type="simple" />
            <root url="file://$USER_HOME$/.PyCharm2019.1/system/python_stubs/970885877" type="simple" />
            <root url="file://$APPLICATION_HOME_DIR$/helpers/python-skeletons" type="simple" />
            <root url="file://$APPLICATION_HOME_DIR$/helpers/typeshed/stdlib/3" type="simple" />
            <root url="file://$APPLICATION_HOME_DIR$/helpers/typeshed/stdlib/2and3" type="simple" />
            <root url="file://$APPLICATION_HOME_DIR$/helpers/typeshed/third_party/3" type="simple" />
            <root url="file://$APPLICATION_HOME_DIR$/helpers/typeshed/third_party/2and3" type="simple" />
          </root>
        </classPath>
        <sourcePath>
          <root type="composite" />
        </sourcePath>
      </roots>
      <additional />
    </jdk>
    <jdk version="2">
      <name value="Python 3.6 (cpm)" />
      <type value="Python SDK" />
      <version value="Python 3.6.10" />
      <homePath value="C:\Users\10733\.conda\envs\cpm\python.exe" />
      <roots>
        <classPath>
          <root type="composite">
            <root url="file://$USER_HOME$/.conda/envs/cpm/DLLs" type="simple" />
            <root url="file://$USER_HOME$/.conda/envs/cpm/Lib" type="simple" />
            <root url="file://$USER_HOME$/.conda/envs/cpm/Lib/site-packages" type="simple" />
            <root url="file://$USER_HOME$/AppData/Local/JetBrains/PyCharm2020.1/python_stubs/1382685424" type="simple" />
            <root url="file://$APPLICATION_HOME_DIR$/plugins/python/helpers/python-skeletons" type="simple" />
            <root url="file://$APPLICATION_HOME_DIR$/plugins/python/helpers/typeshed/stdlib/3" type="simple" />
            <root url="file://$APPLICATION_HOME_DIR$/plugins/python/helpers/typeshed/stdlib/2and3" type="simple" />
            <root url="file://$APPLICATION_HOME_DIR$/plugins/python/helpers/typeshed/third_party/3" type="simple" />
            <root url="file://$APPLICATION_HOME_DIR$/plugins/python/helpers/typeshed/third_party/2and3" type="simple" />
          </root>
        </classPath>
        <sourcePath>
          <root type="composite" />
        </sourcePath>
      </roots>
      <additional ASSOCIATED_PROJECT_PATH="D:/ML/projects/WeightedLoss_Convolutional_Pose_Machines_PyTorch-master" />
    </jdk>
  </component>
</application>