<application>
  <component name="TemplateSettings">
    <option name="deletedKeys">
      <list>
        <TemplateKey>
          <option name="groupName" value="Kotlin" />
          <option name="key" value="sout" />
        </TemplateKey>
        <TemplateKey>
          <option name="groupName" value="Kotlin" />
          <option name="key" value="soutv" />
        </TemplateKey>
        <TemplateKey>
          <option name="groupName" value="Kotlin" />
          <option name="key" value="soutp" />
        </TemplateKey>
      </list>
    </option>
  </component>
</application>