<application>
  <component name="ImportFilteringUsageViewSetting">
    <option name="SHOW_IMPORTS" value="false" />
  </component>
  <component name="UsageViewSettings">
    <option name="filterDuplicatedLine" value="true" />
    <option name="IS_FILTER_DUPLICATED_LINE" value="true" />
    <option name="IS_PREVIEW_USAGES" value="true" />
    <option name="IS_SORT_MEMBERS_ALPHABETICALLY" value="false" />
    <option name="PREVIEW_USAGES_SPLITTER_PROPORTIONS" value="0.34935305" />
    <option name="GROUP_BY_USAGE_TYPE" value="false" />
    <option name="GROUP_BY_MODULE" value="false" />
    <option name="GROUP_BY_FILE_STRUCTURE" value="false" />
  </component>
</application>