<application>
  <component name="GitRememberedInputs">
    <option name="visitedUrls">
      <list>
        <UrlAndUserName>
          <option name="url" value="http://git.iustu.com" />
          <option name="userName" value="memory4963" />
        </UrlAndUserName>
        <UrlAndUserName>
          <option name="url" value="git@git.iustu.com:Schedule/Schedule-Android.git" />
          <option name="userName" value="" />
        </UrlAndUserName>
      </list>
    </option>
    <option name="cloneParentDir" value="E:\StudioProjects\Schedule" />
  </component>
</application>