<list display="Hierarchy" description="Hierarchy Actions">
  <action id="TypeHierarchy" />
  <action id="MethodHierarchy" />
  <action id="CallHierarchy" />
  <action id="CIDR.Lang.ImportsHierarchy" />
  <action id="QuickList.$Separator$" />
  <action id="TestStubHierarchy" />
  <action id="StubHierarchy" />
  <action id="CallHierarchy.BaseOnThisType" />
  <action id="TypeHierarchy.BaseOnThisType" />
  <action id="MethodHierarchy.BaseOnThisType" />
  <action id="TypeHierarchyBase.BaseOnThisType" />
  <action id="QuickList.$Separator$" />
  <action id="TypeHierarchy.Class" />
  <action id="TypeHierarchy.Subtypes" />
  <action id="QuickList.$Separator$" />
  <action id="TypeHierarchy.Supertypes" />
</list>